id,brand_name,generic_name,brand_price,generic_price,chronic_keywords,target_patients,health_issues
1,Crocin 650,Paracetamol 650mg,35,15,"fever, pain (acute)","General population, adults and children","Fever, headache, body pain, mild to moderate pain"
2,Augmentin 625,Amoxicillin 500mg + Clavulanic Acid 125mg,190,90,"bacterial infections (respiratory, ENT, urinary, skin)",Adults and adolescents with bacterial infections,"Respiratory tract infection, ear infection, sinusitis, urinary tract infection, skin infection"
3,Glycomet 500,Metformin 500mg,28,12,"type 2 diabetes, chronic hyperglycemia",Adults with type 2 diabetes,"High blood sugar, insulin resistance, type 2 diabetes mellitus"
4,Lantus Solostar,Insulin Glargine 100 IU/ml,1850,1400,"type 1 diabetes, type 2 diabetes, chronic hyperglycemia",Adults and children with diabetes requiring insulin,Long-term blood sugar control in diabetes mellitus
5,Human Mixtard 70/30,Insulin Isophane 70% + Human Insulin 30%,650,480,"type 1 diabetes, type 2 diabetes (chronic)",Adults and children with diabetes requiring insulin,Diabetes mellitus requiring insulin therapy
6,Glycomet-GP 1,Metformin 500mg + Glimepiride 1mg,72,35,"type 2 diabetes, long-term glycemic control",Adults with type 2 diabetes not controlled on single drug,High blood sugar in type 2 diabetes mellitus
7,Telma 40,Telmisartan 40mg,85,38,"hypertension, cardiovascular risk reduction (chronic)",Adults with high blood pressure,"High blood pressure, protection of heart and kidneys"
8,Amlopres 5,Amlodipine 5mg,45,18,"hypertension, angina (chronic cardiovascular conditions)",Adults with high blood pressure or angina,"High blood pressure, chest pain due to angina"
9,Storvas 10,Atorvastatin 10mg,95,42,"dyslipidemia, high cholesterol, cardiovascular risk (chronic)","Adults with high cholesterol, high cardiovascular risk","High cholesterol, prevention of heart attack and stroke"
10,Thyronorm 50,Levothyroxine Sodium 50mcg,75,32,hypothyroidism (chronic endocrine disorder),Adults and children with hypothyroidism,Underactive thyroid (hypothyroidism)
11,Pantocid 40,Pantoprazole 40mg,110,48,"GERD, peptic ulcer disease, acid reflux (can be chronic)",Adults with acidity or GERD,"Acidity, heartburn, gastroesophageal reflux disease"
12,Azithral 500,Azithromycin 500mg,126,85,bacterial infections (acute respiratory),Adults and children as per weight-based dose,"Respiratory tract infection, throat infection, some skin infections"
13,Dolo 650,Paracetamol 650mg,30,12,"fever, pain (acute)","General population, adults and children","Fever, headache, body pain, mild to moderate pain"
14,Allegra 120,Fexofenadine 120mg,273,145,"allergic rhinitis, urticaria (chronic allergies)",Adults with seasonal allergies,"Runny nose, sneezing, itching, hives, allergic reactions"
15,Lasix 40,Furosemide 40mg,18,8,"edema, heart failure, hypertension (chronic)","Adults with fluid retention, heart failure, high BP","Fluid retention, swelling, high blood pressure, heart failure"
16,Lopressor 50,Metoprolol 50mg,65,28,"hypertension, angina, heart failure (chronic)","Adults with high blood pressure, angina, post-MI","High blood pressure, chest pain, heart failure, post heart attack"
17,Cozaar 50,Losartan 50mg,145,68,"hypertension, heart failure, diabetic nephropathy (chronic)","Adults with high blood pressure, diabetes with kidney disease","High blood pressure, heart failure, kidney protection in diabetes"
18,Glucotrol 5,Glipizide 5mg,42,18,type 2 diabetes (chronic),Adults with type 2 diabetes,High blood sugar in type 2 diabetes mellitus
19,Zestril 5,Lisinopril 5mg,78,35,"hypertension, heart failure (chronic)","Adults with high blood pressure, heart failure","High blood pressure, heart failure, post heart attack"
20,Cardace 2.5,Ramipril 2.5mg,88,42,"hypertension, heart failure, post-MI (chronic)","Adults with high blood pressure, heart failure, post-MI","High blood pressure, heart failure, cardiovascular protection"
21,Cipcal 500,Calcium Carbonate 500mg,65,28,"osteoporosis, calcium deficiency (chronic)","Adults with calcium deficiency, postmenopausal women","Low calcium levels, osteoporosis, bone health"
22,Shelcal 500,Calcium Carbonate 500mg + Vitamin D3 250 IU,115,58,"osteoporosis, calcium and vitamin D deficiency (chronic)",Adults with calcium and vitamin D deficiency,"Low calcium, vitamin D deficiency, osteoporosis, bone health"
23,Becosules,Vitamin B Complex + Vitamin C,38,18,"vitamin deficiency, fatigue (chronic deficiency)","Adults with vitamin deficiency, fatigue","Vitamin B and C deficiency, tiredness, weakness"
24,Neurobion Forte,Vitamin B1 + B6 + B12,42,22,"neuropathy, vitamin B deficiency (chronic)","Adults with neuropathy, vitamin B deficiency","Nerve damage, tingling, numbness, vitamin B deficiency"
25,Omez 20,Omeprazole 20mg,95,42,"GERD, peptic ulcer disease (chronic)","Adults with acidity, GERD, ulcers","Acidity, heartburn, gastric ulcer, duodenal ulcer"
26,Ranitidine 150,Ranitidine 150mg,18,8,"GERD, peptic ulcer (chronic)","Adults with acidity, ulcers","Acidity, heartburn, stomach ulcer"
27,Domperidone 10,Domperidone 10mg,22,10,"nausea, vomiting, gastroparesis","Adults with nausea, vomiting, bloating","Nausea, vomiting, bloating, gastroparesis"
28,Ondem 4,Ondansetron 4mg,45,22,"nausea, vomiting (chemotherapy, post-op)","Adults and children with nausea, vomiting","Nausea and vomiting due to chemotherapy, surgery, radiation"
29,Disprin,Aspirin 325mg,12,5,"pain, fever, cardiovascular protection (chronic)","Adults for pain relief, cardiovascular protection","Mild pain, fever, prevention of heart attack and stroke"
30,Ecosprin 75,Aspirin 75mg,8,3,cardiovascular protection (chronic),"Adults with cardiovascular risk, post-MI","Prevention of heart attack, stroke, blood clot prevention"
31,Clopivas 75,Clopidogrel 75mg,185,95,"cardiovascular protection, antiplatelet (chronic)","Adults post-MI, post-stroke, peripheral artery disease","Prevention of heart attack, stroke, blood clot prevention"
32,Eliquis 5,Apixaban 5mg,895,650,"atrial fibrillation, deep vein thrombosis (chronic)","Adults with atrial fibrillation, DVT, PE","Prevention of stroke, blood clot prevention"
33,Warfarin 5,Warfarin Sodium 5mg,12,5,"atrial fibrillation, DVT, PE (chronic)","Adults with atrial fibrillation, DVT, PE","Prevention of stroke, blood clot prevention"
34,Combiflam,Ibuprofen 400mg + Paracetamol 325mg,28,15,"pain, fever, inflammation (acute)",Adults and children for pain and fever,"Fever, headache, toothache, muscle pain, joint pain"
35,Brufen 400,Ibuprofen 400mg,22,10,"pain, fever, inflammation (acute)",Adults and children for pain and fever,"Fever, headache, toothache, muscle pain, menstrual pain"
36,Voveran 50,Diclofenac 50mg,35,18,"pain, inflammation, arthritis (chronic)","Adults with arthritis, muscle pain, joint pain","Arthritis, muscle pain, joint pain, inflammation"
37,Aceclofenac 100,Aceclofenac 100mg,28,12,"pain, inflammation, arthritis (chronic)","Adults with arthritis, pain","Arthritis, muscle pain, joint pain, inflammation"
38,Zerodol P,Aceclofenac 100mg + Paracetamol 325mg,42,22,"pain, inflammation (acute and chronic)",Adults with pain and inflammation,"Arthritis, muscle pain, joint pain, fever, inflammation"
39,Tramadol 50,Tramadol 50mg,45,22,moderate to severe pain (acute and chronic),Adults with moderate to severe pain,"Post-operative pain, chronic pain, cancer pain"
40,Gabapentin 300,Gabapentin 300mg,85,45,"neuropathic pain, seizures (chronic)","Adults with neuropathic pain, epilepsy","Nerve pain, tingling, burning sensation, seizures"
41,Pregabalin 75,Pregabalin 75mg,125,68,"neuropathic pain, fibromyalgia, anxiety (chronic)","Adults with neuropathic pain, fibromyalgia","Nerve pain, fibromyalgia, generalized anxiety disorder"
42,Levera 500,Levetiracetam 500mg,145,78,"epilepsy, seizures (chronic)",Adults and children with epilepsy,"Seizures, epilepsy"
43,Phenytoin 100,Phenytoin Sodium 100mg,12,5,"epilepsy, seizures (chronic)",Adults and children with epilepsy,"Seizures, epilepsy, status epilepticus"
44,Valproate 500,Sodium Valproate 500mg,55,28,"epilepsy, bipolar disorder, migraine (chronic)","Adults and children with epilepsy, bipolar disorder","Seizures, epilepsy, mania, migraine prevention"
45,Carbamazepine 200,Carbamazepine 200mg,22,10,"epilepsy, trigeminal neuralgia (chronic)","Adults and children with epilepsy, nerve pain","Seizures, epilepsy, facial nerve pain"
46,Clonazepam 0.5,Clonazepam 0.5mg,18,8,"anxiety, panic disorder, seizures (chronic)","Adults with anxiety, panic disorder, seizures","Anxiety, panic attacks, seizures"
47,Alprazolam 0.5,Alprazolam 0.5mg,15,6,"anxiety, panic disorder (chronic)","Adults with anxiety, panic disorder","Anxiety, panic attacks, nervousness"
48,Lorazepam 2,Lorazepam 2mg,28,12,"anxiety, insomnia (chronic)","Adults with anxiety, insomnia","Anxiety, sleep problems, agitation"
49,Diazepam 5,Diazepam 5mg,12,5,"anxiety, muscle spasm, seizures (chronic)","Adults with anxiety, muscle spasm","Anxiety, muscle spasm, seizures, alcohol withdrawal"
50,Escitalopram 10,Escitalopram 10mg,95,48,"depression, anxiety (chronic)","Adults with depression, generalized anxiety disorder","Depression, anxiety, panic disorder, OCD"
51,Fluoxetine 20,Fluoxetine 20mg,42,22,"depression, OCD, bulimia (chronic)","Adults with depression, OCD","Depression, obsessive-compulsive disorder, bulimia nervosa"
52,Sertraline 50,Sertraline 50mg,68,35,"depression, anxiety, PTSD (chronic)","Adults with depression, anxiety, PTSD","Depression, anxiety, panic disorder, PTSD, OCD"
53,Paroxetine 20,Paroxetine 20mg,75,38,"depression, anxiety, OCD (chronic)","Adults with depression, anxiety disorders","Depression, generalized anxiety disorder, panic disorder, OCD"
54,Venlafaxine 75,Venlafaxine 75mg,110,58,"depression, anxiety (chronic)","Adults with depression, generalized anxiety disorder","Depression, generalized anxiety disorder"
55,Duloxetine 30,Duloxetine 30mg,185,95,"depression, anxiety, neuropathic pain (chronic)","Adults with depression, anxiety, diabetic neuropathy","Depression, generalized anxiety disorder, diabetic nerve pain"
56,Amitriptyline 25,Amitriptyline 25mg,18,8,"depression, neuropathic pain, migraine (chronic)","Adults with depression, nerve pain, migraine","Depression, neuropathic pain, migraine prevention"
57,Quetiapine 100,Quetiapine 100mg,125,68,"bipolar disorder, schizophrenia (chronic)","Adults with bipolar disorder, schizophrenia","Bipolar disorder, schizophrenia, depression"
58,Olanzapine 10,Olanzapine 10mg,145,78,"schizophrenia, bipolar disorder (chronic)","Adults with schizophrenia, bipolar disorder","Schizophrenia, bipolar disorder, acute mania"
59,Risperidone 2,Risperidone 2mg,85,45,"schizophrenia, bipolar disorder (chronic)","Adults and children with schizophrenia, bipolar disorder","Schizophrenia, bipolar disorder, irritability in autism"
60,Aripiprazole 10,Aripiprazole 10mg,165,88,"schizophrenia, bipolar disorder (chronic)","Adults with schizophrenia, bipolar disorder","Schizophrenia, bipolar disorder, depression adjunct"
61,Donepezil 5,Donepezil 5mg,195,105,Alzheimer's disease (chronic),Adults with mild to moderate Alzheimer's disease,"Memory loss, cognitive decline in Alzheimer's disease"
62,Rivastigmine 1.5,Rivastigmine 1.5mg,145,78,"Alzheimer's disease, Parkinson's dementia (chronic)",Adults with Alzheimer's or Parkinson's dementia,"Memory loss, cognitive decline, dementia"
63,Memantine 10,Memantine 10mg,185,98,Alzheimer's disease (chronic),Adults with moderate to severe Alzheimer's disease,"Memory loss, cognitive decline in Alzheimer's disease"
64,Pramipexole 0.5,Pramipexole 0.5mg,125,68,"Parkinson's disease, restless legs (chronic)","Adults with Parkinson's disease, restless legs syndrome","Tremor, stiffness, movement problems, restless legs"
65,Levodopa + Carbidopa,Levodopa 100mg + Carbidopa 25mg,95,48,Parkinson's disease (chronic),Adults with Parkinson's disease,"Tremor, stiffness, slow movement, balance problems"
66,Ropinirole 2,Ropinirole 2mg,145,75,"Parkinson's disease, restless legs (chronic)","Adults with Parkinson's disease, restless legs syndrome","Tremor, stiffness, movement problems, restless legs"
67,Selegiline 5,Selegiline 5mg,85,45,Parkinson's disease (chronic),Adults with Parkinson's disease,"Tremor, stiffness, slow movement"
68,Salbutamol Inhaler,Salbutamol 100mcg,145,78,"asthma, COPD (chronic respiratory)","Adults and children with asthma, COPD","Wheezing, shortness of breath, chest tightness"
69,Budecort Inhaler,Budesonide 200mcg,385,225,"asthma, COPD (chronic respiratory)","Adults and children with asthma, COPD","Wheezing, shortness of breath, asthma prevention"
70,Seroflo Inhaler,Fluticasone 250mcg + Salmeterol 25mcg,625,425,"asthma, COPD (chronic respiratory)","Adults and children with asthma, COPD","Wheezing, shortness of breath, asthma and COPD control"
71,Duolin Inhaler,Ipratropium 20mcg + Salbutamol 100mcg,295,185,"asthma, COPD (chronic respiratory)","Adults and children with asthma, COPD","Wheezing, shortness of breath, bronchospasm"
72,Deriphyllin,Theophylline 300mg,42,22,"asthma, COPD (chronic respiratory)","Adults with asthma, COPD","Wheezing, shortness of breath, chronic bronchitis"
73,Montelukast 10,Montelukast 10mg,85,45,"asthma, allergic rhinitis (chronic)","Adults and children with asthma, allergies","Wheezing, shortness of breath, runny nose, allergies"
74,Cetirizine 10,Cetirizine 10mg,15,6,"allergic rhinitis, urticaria (chronic allergies)",Adults and children with allergies,"Runny nose, sneezing, itching, hives"
75,Levocetirizine 5,Levocetirizine 5mg,28,12,"allergic rhinitis, urticaria (chronic allergies)",Adults and children with allergies,"Runny nose, sneezing, itching, hives"
76,Chlorpheniramine 4,Chlorpheniramine 4mg,8,3,"allergic rhinitis, urticaria (acute allergies)",Adults and children with allergies,"Runny nose, sneezing, itching, hives, cold symptoms"
77,Pheniramine 25,Pheniramine 25mg,12,5,allergic conditions (acute),Adults with allergic reactions,"Allergic reactions, itching, hives"
78,Hydroxyzine 25,Hydroxyzine 25mg,106,58,"anxiety, allergic conditions (chronic)","Adults with anxiety, allergic reactions","Anxiety, itching, allergic reactions"
79,Prednisolone 10,Prednisolone 10mg,18,8,"inflammation, allergies, autoimmune (chronic)","Adults and children with inflammation, allergies","Allergies, asthma, arthritis, autoimmune diseases"
80,Dexamethasone 4,Dexamethasone 4mg,22,10,"inflammation, allergies, cerebral edema (acute and chronic)",Adults and children with severe inflammation,"Severe allergies, cerebral edema, inflammation"
81,Methylprednisolone 16,Methylprednisolone 16mg,95,48,"inflammation, allergies, autoimmune (chronic)","Adults with inflammation, autoimmune diseases","Arthritis, allergies, autoimmune diseases, inflammation"
82,Hydrocortisone 10,Hydrocortisone 10mg,35,18,"adrenal insufficiency, inflammation (chronic)","Adults with adrenal insufficiency, inflammation","Adrenal insufficiency, allergies, inflammation"
83,Fludrocortisone 0.1,Fludrocortisone 0.1mg,125,68,adrenal insufficiency (chronic),"Adults with adrenal insufficiency, orthostatic hypotension","Low blood pressure, adrenal insufficiency"
84,Spironolactone 25,Spironolactone 25mg,22,10,"heart failure, hypertension, edema (chronic)","Adults with heart failure, high blood pressure, edema","Fluid retention, high blood pressure, heart failure"
85,Hydrochlorothiazide 12.5,Hydrochlorothiazide 12.5mg,12,5,"hypertension, edema (chronic)","Adults with high blood pressure, fluid retention","High blood pressure, fluid retention"
86,Chlorthalidone 12.5,Chlorthalidone 12.5mg,18,8,"hypertension, edema (chronic)",Adults with high blood pressure,"High blood pressure, fluid retention"
87,Indapamide 2.5,Indapamide 2.5mg,42,22,hypertension (chronic),Adults with high blood pressure,High blood pressure
88,Digoxin 0.25,Digoxin 0.25mg,8,3,"heart failure, atrial fibrillation (chronic)","Adults with heart failure, atrial fibrillation","Heart failure, irregular heartbeat"
89,Ivabradine 5,Ivabradine 5mg,185,95,"angina, heart failure (chronic)","Adults with angina, heart failure","Chest pain, heart failure, fast heart rate"
90,Nitroglycerin 2.6,Nitroglycerin 2.6mg,22,10,angina (chronic),Adults with angina,"Chest pain, angina prevention"
91,Isosorbide Dinitrate 10,Isosorbide Dinitrate 10mg,18,8,"angina, heart failure (chronic)","Adults with angina, heart failure","Chest pain, heart failure"
92,Isosorbide Mononitrate 20,Isosorbide Mononitrate 20mg,28,12,angina (chronic),Adults with angina,"Chest pain, angina prevention"
93,Rosuvastatin 10,Rosuvastatin 10mg,145,75,"dyslipidemia, high cholesterol (chronic)",Adults with high cholesterol,"High cholesterol, prevention of heart attack and stroke"
94,Simvastatin 20,Simvastatin 20mg,55,28,"dyslipidemia, high cholesterol (chronic)",Adults with high cholesterol,"High cholesterol, prevention of cardiovascular disease"
95,Pravastatin 40,Pravastatin 40mg,95,48,"dyslipidemia, high cholesterol (chronic)",Adults with high cholesterol,"High cholesterol, prevention of cardiovascular disease"
96,Fenofibrate 145,Fenofibrate 145mg,125,68,hypertriglyceridemia (chronic),Adults with high triglycerides,"High triglycerides, mixed dyslipidemia"
97,Gemfibrozil 600,Gemfibrozil 600mg,85,45,hypertriglyceridemia (chronic),Adults with high triglycerides,"High triglycerides, low HDL cholesterol"
98,Ezetimibe 10,Ezetimibe 10mg,165,88,high cholesterol (chronic),Adults with high cholesterol,"High cholesterol, cholesterol absorption inhibition"
99,Allopurinol 100,Allopurinol 100mg,12,5,"gout, hyperuricemia (chronic)","Adults with gout, high uric acid","Gout attacks, high uric acid levels, kidney stones"
100,Febuxostat 40,Febuxostat 40mg,185,95,"gout, hyperuricemia (chronic)","Adults with gout, high uric acid","Gout attacks, high uric acid levels"
101,Colchicine 0.5,Colchicine 0.5mg,45,22,gout (acute and chronic),Adults with gout attacks,"Acute gout attacks, gout prevention"
102,Methotrexate 7.5,Methotrexate 7.5mg,85,45,"rheumatoid arthritis, psoriasis (chronic)","Adults with rheumatoid arthritis, psoriasis","Rheumatoid arthritis, psoriasis, autoimmune diseases"
103,Hydroxychloroquine 200,Hydroxychloroquine 200mg,42,22,"rheumatoid arthritis, lupus, malaria (chronic)","Adults with rheumatoid arthritis, lupus","Rheumatoid arthritis, lupus, malaria prevention"
104,Sulfasalazine 500,Sulfasalazine 500mg,28,12,"rheumatoid arthritis, ulcerative colitis (chronic)","Adults with rheumatoid arthritis, ulcerative colitis","Rheumatoid arthritis, ulcerative colitis, Crohn's disease"
105,Mesalamine 400,Mesalamine 400mg,145,75,"ulcerative colitis, Crohn's disease (chronic)",Adults with inflammatory bowel disease,"Ulcerative colitis, Crohn's disease, inflammation"
106,Azathioprine 50,Azathioprine 50mg,55,28,"organ transplant, autoimmune diseases (chronic)","Adults with organ transplant, autoimmune diseases","Organ transplant rejection, rheumatoid arthritis, lupus"
107,Cyclosporine 25,Cyclosporine 25mg,185,95,"organ transplant, autoimmune diseases (chronic)","Adults with organ transplant, severe psoriasis","Organ transplant rejection, severe autoimmune diseases"
108,Tacrolimus 1,Tacrolimus 1mg,295,165,organ transplant (chronic),Adults with organ transplant,Organ transplant rejection prevention
109,Mycophenolate 500,Mycophenolate Mofetil 500mg,225,125,organ transplant (chronic),Adults with organ transplant,Organ transplant rejection prevention
110,Alendronate 70,Alendronate 70mg,95,48,osteoporosis (chronic),"Postmenopausal women, adults with osteoporosis","Osteoporosis, bone fracture prevention"
111,Risedronate 35,Risedronate 35mg,145,75,osteoporosis (chronic),"Postmenopausal women, adults with osteoporosis","Osteoporosis, bone fracture prevention"
112,Ibandronate 150,Ibandronate 150mg,385,225,osteoporosis (chronic),Postmenopausal women with osteoporosis,"Osteoporosis, bone fracture prevention"
113,Raloxifene 60,Raloxifene 60mg,165,88,"osteoporosis, breast cancer prevention (chronic)",Postmenopausal women,"Osteoporosis, breast cancer risk reduction"
114,Teriparatide Injection,Teriparatide 20mcg,6500,5200,severe osteoporosis (chronic),Adults with severe osteoporosis,"Severe osteoporosis, fracture risk reduction"
115,Calcitriol 0.25,Calcitriol 0.25mcg,45,22,"vitamin D deficiency, chronic kidney disease (chronic)","Adults with vitamin D deficiency, CKD","Low vitamin D, calcium absorption, chronic kidney disease"
116,Alfacalcidol 0.25,Alfacalcidol 0.25mcg,55,28,"vitamin D deficiency, osteomalacia (chronic)","Adults with vitamin D deficiency, bone disorders","Low vitamin D, osteomalacia, renal osteodystrophy"
117,Finasteride 5,Finasteride 5mg,85,45,"benign prostatic hyperplasia, hair loss (chronic)","Adult men with enlarged prostate, male pattern baldness","Enlarged prostate, urinary symptoms, hair loss"
118,Dutasteride 0.5,Dutasteride 0.5mg,145,75,benign prostatic hyperplasia (chronic),Adult men with enlarged prostate,"Enlarged prostate, urinary symptoms"
119,Tamsulosin 0.4,Tamsulosin 0.4mg,95,48,benign prostatic hyperplasia (chronic),Adult men with enlarged prostate,"Enlarged prostate, difficulty urinating"
120,Sildenafil 50,Sildenafil 50mg,145,75,"erectile dysfunction, pulmonary hypertension (chronic)","Adult men with erectile dysfunction, PAH","Erectile dysfunction, pulmonary arterial hypertension"
121,Tadalafil 10,Tadalafil 10mg,185,95,"erectile dysfunction, benign prostatic hyperplasia (chronic)","Adult men with erectile dysfunction, BPH","Erectile dysfunction, enlarged prostate symptoms"
122,Vardenafil 10,Vardenafil 10mg,225,125,erectile dysfunction (chronic),Adult men with erectile dysfunction,Erectile dysfunction
123,Norethisterone 5,Norethisterone 5mg,42,22,"abnormal uterine bleeding, endometriosis (chronic)","Women with menstrual disorders, endometriosis","Heavy menstrual bleeding, endometriosis, menstrual irregularities"
124,Tranexamic Acid 500,Tranexamic Acid 500mg,55,28,heavy menstrual bleeding (chronic),Women with heavy menstrual bleeding,"Heavy menstrual bleeding, menorrhagia"
125,Mefenamic Acid 500,Mefenamic Acid 500mg,28,12,"menstrual pain, inflammation (acute)",Women with menstrual pain,"Menstrual pain, dysmenorrhea"
126,Ethinyl Estradiol + Levonorgestrel,Ethinyl Estradiol 0.03mg + Levonorgestrel 0.15mg,145,75,"contraception, menstrual regulation (chronic)",Women seeking contraception,"Birth control, menstrual cycle regulation"
127,Medroxyprogesterone 10,Medroxyprogesterone 10mg,55,28,"abnormal uterine bleeding, contraception (chronic)","Women with menstrual disorders, contraception","Abnormal uterine bleeding, contraception, endometrial protection"
128,Clomiphene 50,Clomiphene Citrate 50mg,125,68,infertility (chronic),Women with ovulatory dysfunction,"Female infertility, ovulation induction"
129,Letrozole 2.5,Letrozole 2.5mg,165,88,"breast cancer, infertility (chronic)","Women with breast cancer, ovulatory dysfunction","Breast cancer, ovulation induction, infertility"
130,Tamoxifen 20,Tamoxifen 20mg,95,48,breast cancer (chronic),Women with breast cancer,Breast cancer treatment and prevention
131,Iron Folic Acid,Ferrous Sulfate 150mg + Folic Acid 0.5mg,18,8,iron deficiency anemia (chronic),"Pregnant women, adults with anemia","Anemia, iron deficiency, pregnancy nutrition"
132,Ferrous Sulfate 325,Ferrous Sulfate 325mg,12,5,iron deficiency anemia (chronic),Adults and children with iron deficiency,"Anemia, iron deficiency"
133,Ferrous Fumarate 200,Ferrous Fumarate 200mg,18,8,iron deficiency anemia (chronic),Adults and children with iron deficiency,"Anemia, iron deficiency"
134,Vitamin B12 1500mcg,Methylcobalamin 1500mcg,85,45,"vitamin B12 deficiency, neuropathy (chronic)","Adults with B12 deficiency, neuropathy","Vitamin B12 deficiency, nerve damage, pernicious anemia"
135,Folic Acid 5,Folic Acid 5mg,8,3,"folate deficiency, pregnancy (chronic)","Pregnant women, adults with folate deficiency","Folate deficiency, neural tube defect prevention"
136,Vitamin D3 60000 IU,Cholecalciferol 60000 IU,42,22,vitamin D deficiency (chronic),Adults with vitamin D deficiency,"Low vitamin D, bone health, immunity"
137,Vitamin C 500,Ascorbic Acid 500mg,18,8,"vitamin C deficiency, immunity (chronic)",Adults with vitamin C deficiency,"Vitamin C deficiency, immunity support, scurvy"
138,Multivitamin,Multivitamin + Multimineral,95,48,nutritional deficiency (chronic),Adults with nutritional deficiency,"Vitamin and mineral deficiency, general health"
139,Omega-3 1000,Omega-3 Fatty Acids 1000mg,125,68,"cardiovascular health, hypertriglyceridemia (chronic)","Adults with high triglycerides, cardiovascular risk","High triglycerides, heart health, inflammation"
140,Coenzyme Q10 100,Coenzyme Q10 100mg,185,95,"heart health, mitochondrial support (chronic)","Adults with heart failure, statin users","Heart health, muscle pain from statins, energy production"
141,Gliclazide 80,Gliclazide 80mg,42,22,type 2 diabetes (chronic),Adults with type 2 diabetes,High blood sugar in type 2 diabetes mellitus
142,Glibenclamide 5,Glibenclamide 5mg,12,5,type 2 diabetes (chronic),Adults with type 2 diabetes,High blood sugar in type 2 diabetes mellitus
143,Pioglitazone 15,Pioglitazone 15mg,55,28,type 2 diabetes (chronic),Adults with type 2 diabetes,"High blood sugar, insulin resistance"
144,Sitagliptin 100,Sitagliptin 100mg,185,95,type 2 diabetes (chronic),Adults with type 2 diabetes,High blood sugar in type 2 diabetes mellitus
145,Vildagliptin 50,Vildagliptin 50mg,145,75,type 2 diabetes (chronic),Adults with type 2 diabetes,High blood sugar in type 2 diabetes mellitus
146,Saxagliptin 5,Saxagliptin 5mg,225,125,type 2 diabetes (chronic),Adults with type 2 diabetes,High blood sugar in type 2 diabetes mellitus
147,Empagliflozin 10,Empagliflozin 10mg,385,225,"type 2 diabetes, heart failure (chronic)","Adults with type 2 diabetes, heart failure","High blood sugar, heart failure, cardiovascular protection"
148,Dapagliflozin 10,Dapagliflozin 10mg,385,225,"type 2 diabetes, heart failure (chronic)","Adults with type 2 diabetes, heart failure","High blood sugar, heart failure, kidney protection"
149,Canagliflozin 100,Canagliflozin 100mg,425,245,type 2 diabetes (chronic),Adults with type 2 diabetes,"High blood sugar, cardiovascular risk reduction"
150,Liraglutide Injection,Liraglutide 6mg/ml,4500,3800,"type 2 diabetes, obesity (chronic)","Adults with type 2 diabetes, obesity","High blood sugar, weight loss, cardiovascular protection"
151,Exenatide Injection,Exenatide 5mcg,2850,2200,type 2 diabetes (chronic),Adults with type 2 diabetes,"High blood sugar, weight loss"
152,Insulin Aspart,Insulin Aspart 100 IU/ml,1450,1150,"type 1 diabetes, type 2 diabetes (chronic)",Adults and children with diabetes,"High blood sugar, rapid-acting insulin therapy"
153,Insulin Lispro,Insulin Lispro 100 IU/ml,1550,1250,"type 1 diabetes, type 2 diabetes (chronic)",Adults and children with diabetes,"High blood sugar, rapid-acting insulin therapy"
154,Insulin Detemir,Insulin Detemir 100 IU/ml,1850,1450,"type 1 diabetes, type 2 diabetes (chronic)",Adults and children with diabetes,Long-term blood sugar control in diabetes mellitus
155,Insulin Degludec,Insulin Degludec 100 IU/ml,2250,1850,"type 1 diabetes, type 2 diabetes (chronic)",Adults with diabetes,"Long-term blood sugar control, ultra-long acting insulin"
156,Acarbose 50,Acarbose 50mg,85,45,type 2 diabetes (chronic),Adults with type 2 diabetes,"High blood sugar, post-meal glucose control"
157,Voglibose 0.3,Voglibose 0.3mg,95,48,type 2 diabetes (chronic),Adults with type 2 diabetes,"High blood sugar, post-meal glucose control"
158,Repaglinide 1,Repaglinide 1mg,125,68,type 2 diabetes (chronic),Adults with type 2 diabetes,High blood sugar in type 2 diabetes mellitus
159,Nateglinide 120,Nateglinide 120mg,145,75,type 2 diabetes (chronic),Adults with type 2 diabetes,"High blood sugar, post-meal glucose control"
160,Chloroquine 250,Chloroquine Phosphate 250mg,18,8,"malaria, amoebiasis (acute and prophylaxis)",Adults and children for malaria prevention and treatment,"Malaria, amoebiasis"
161,Primaquine 15,Primaquine 15mg,22,10,malaria (acute),Adults for malaria radical cure,"Malaria radical cure, prevention of relapse"
162,Artemether + Lumefantrine,Artemether 20mg + Lumefantrine 120mg,185,95,malaria (acute),Adults and children with malaria,Malaria treatment
163,Ciprofloxacin 500,Ciprofloxacin 500mg,28,12,bacterial infections (acute),Adults with bacterial infections,"Urinary tract infection, respiratory infection, gastrointestinal infection"
164,Levofloxacin 500,Levofloxacin 500mg,85,45,bacterial infections (acute),Adults with bacterial infections,"Respiratory infection, urinary tract infection, skin infection"
165,Ofloxacin 200,Ofloxacin 200mg,22,10,bacterial infections (acute),Adults with bacterial infections,"Urinary tract infection, respiratory infection, skin infection"
166,Norfloxacin 400,Norfloxacin 400mg,18,8,urinary tract infection (acute),Adults with urinary tract infection,Urinary tract infection
167,Cefixime 200,Cefixime 200mg,85,45,bacterial infections (acute),Adults and children with bacterial infections,"Respiratory infection, urinary tract infection, ear infection"
168,Ceftriaxone 1g Injection,Ceftriaxone 1g,45,22,severe bacterial infections (acute),Adults and children with severe infections,"Severe bacterial infections, meningitis, sepsis"
169,Cefotaxime 1g Injection,Cefotaxime 1g,38,18,severe bacterial infections (acute),Adults and children with severe infections,"Severe bacterial infections, meningitis, sepsis"
170,Ampicillin 500,Ampicillin 500mg,18,8,bacterial infections (acute),Adults and children with bacterial infections,"Respiratory infection, urinary tract infection, meningitis"
171,Cloxacillin 500,Cloxacillin 500mg,22,10,staphylococcal infections (acute),Adults and children with staphylococcal infections,"Skin infection, bone infection, endocarditis"
172,Doxycycline 100,Doxycycline 100mg,28,12,"bacterial infections, acne (acute and chronic)","Adults with bacterial infections, acne","Respiratory infection, acne, malaria prevention, tick fever"
173,Erythromycin 500,Erythromycin 500mg,22,10,bacterial infections (acute),Adults and children with bacterial infections,"Respiratory infection, skin infection, alternative to penicillin"
174,Clarithromycin 500,Clarithromycin 500mg,145,75,bacterial infections (acute),"Adults with bacterial infections, H. pylori","Respiratory infection, H. pylori infection, skin infection"
175,Roxithromycin 150,Roxithromycin 150mg,85,45,bacterial infections (acute),Adults with bacterial infections,"Respiratory infection, soft tissue infection"
176,Metronidazole 400,Metronidazole 400mg,12,5,bacterial and protozoal infections (acute),Adults with bacterial and protozoal infections,"Amoebiasis, giardiasis, anaerobic bacterial infections"
177,Tinidazole 500,Tinidazole 500mg,18,8,bacterial and protozoal infections (acute),Adults with bacterial and protozoal infections,"Amoebiasis, giardiasis, trichomoniasis"
178,Nitrofurantoin 100,Nitrofurantoin 100mg,42,22,urinary tract infection (acute and prophylaxis),Adults with urinary tract infection,"Urinary tract infection, UTI prevention"
179,Cephalexin 500,Cephalexin 500mg,28,12,bacterial infections (acute),Adults and children with bacterial infections,"Respiratory infection, skin infection, urinary tract infection"
180,Cotrimoxazole 480,Sulfamethoxazole 400mg + Trimethoprim 80mg,12,5,bacterial infections (acute),Adults and children with bacterial infections,"Urinary tract infection, respiratory infection, traveler's diarrhea"
181,Linezolid 600,Linezolid 600mg,385,225,resistant bacterial infections (acute),Adults with MRSA and resistant infections,"MRSA, resistant pneumonia, skin infection"
182,Vancomycin 500mg Injection,Vancomycin 500mg,285,165,serious bacterial infections (acute),Adults with serious resistant infections,"MRSA, serious skin infection, endocarditis, meningitis"
183,Piperacillin + Tazobactam 4.5g,Piperacillin 4g + Tazobactam 0.5g,425,245,severe bacterial infections (acute),Adults with severe infections,"Severe hospital-acquired infections, sepsis, pneumonia"
184,Meropenem 1g Injection,Meropenem 1g,1850,1250,severe bacterial infections (acute),Adults and children with severe infections,"Severe bacterial infections, meningitis, hospital infections"
185,Imipenem + Cilastatin 500mg,Imipenem 500mg + Cilastatin 500mg,1650,1150,severe bacterial infections (acute),Adults with severe infections,"Severe bacterial infections, hospital infections"
186,Fluconazole 150,Fluconazole 150mg,42,22,fungal infections (acute and chronic),Adults with fungal infections,"Vaginal yeast infection, oral thrush, fungal infections"
187,Itraconazole 100,Itraconazole 100mg,125,68,fungal infections (chronic),Adults with fungal infections,"Fungal nail infection, systemic fungal infections"
188,Ketoconazole 200,Ketoconazole 200mg,45,22,fungal infections (chronic),Adults with fungal infections,"Fungal skin infection, systemic fungal infections"
189,Clotrimazole Cream,Clotrimazole 1%,28,12,fungal skin infections (acute),Adults and children with fungal skin infections,"Athlete's foot, ringworm, jock itch, yeast infection"
190,Miconazole Cream,Miconazole 2%,35,18,fungal skin infections (acute),Adults and children with fungal skin infections,"Athlete's foot, ringworm, yeast infection"
191,Terbinafine 250,Terbinafine 250mg,145,75,fungal infections (chronic),Adults with fungal nail and skin infections,"Fungal nail infection, ringworm, athlete's foot"
192,Griseofulvin 500,Griseofulvin 500mg,85,45,fungal infections (chronic),Adults and children with fungal infections,"Ringworm, fungal scalp infection, nail infection"
193,Acyclovir 400,Acyclovir 400mg,85,45,viral infections (acute),"Adults with herpes simplex, chickenpox, shingles","Herpes simplex, chickenpox, shingles"
194,Valacyclovir 500,Valacyclovir 500mg,185,95,viral infections (acute),"Adults with herpes simplex, shingles","Herpes simplex, shingles, cold sores"
195,Oseltamivir 75,Oseltamivir 75mg,145,75,influenza (acute),Adults and children with influenza,"Influenza, flu treatment and prevention"
196,Ribavirin 200,Ribavirin 200mg,385,225,viral infections (chronic),"Adults with hepatitis C, RSV","Hepatitis C, respiratory syncytial virus"
197,Tenofovir 300,Tenofovir Disoproxil 300mg,285,165,"HIV, hepatitis B (chronic)","Adults with HIV, hepatitis B","HIV infection, hepatitis B"
198,Lamivudine 150,Lamivudine 150mg,125,68,"HIV, hepatitis B (chronic)","Adults with HIV, hepatitis B","HIV infection, hepatitis B"
199,Efavirenz 600,Efavirenz 600mg,225,125,HIV (chronic),Adults with HIV,HIV infection
200,Nevirapine 200,Nevirapine 200mg,95,48,HIV (chronic),Adults with HIV,HIV infection
201,Zidovudine 300,Zidovudine 300mg,165,88,HIV (chronic),Adults and children with HIV,HIV infection
202,Atazanavir 300,Atazanavir 300mg,385,225,HIV (chronic),Adults with HIV,HIV infection
203,Darunavir 600,Darunavir 600mg,625,425,HIV (chronic),Adults with HIV,HIV infection
204,Raltegravir 400,Raltegravir 400mg,485,285,HIV (chronic),Adults with HIV,HIV infection
205,Dolutegravir 50,Dolutegravir 50mg,285,165,HIV (chronic),Adults and children with HIV,HIV infection
206,Sofosbuvir 400,Sofosbuvir 400mg,12500,8500,hepatitis C (chronic),Adults with hepatitis C,Hepatitis C infection
207,Daclatasvir 60,Daclatasvir 60mg,8500,6200,hepatitis C (chronic),Adults with hepatitis C,Hepatitis C infection
208,Albendazole 400,Albendazole 400mg,8,3,parasitic worm infections (acute),Adults and children with worm infections,"Roundworm, hookworm, tapeworm, pinworm infections"
209,Mebendazole 100,Mebendazole 100mg,12,5,parasitic worm infections (acute),Adults and children with worm infections,"Roundworm, hookworm, whipworm, pinworm infections"
210,Ivermectin 12,Ivermectin 12mg,22,10,parasitic infections (acute),Adults with parasitic infections,"Scabies, head lice, river blindness, strongyloidiasis"
211,Praziquantel 600,Praziquantel 600mg,85,45,parasitic worm infections (acute),"Adults and children with tapeworm, flukes","Tapeworm, schistosomiasis, liver fluke infections"
212,Permethrin Lotion,Permethrin 5%,145,75,"scabies, lice (acute)","Adults and children with scabies, lice","Scabies, head lice"
213,Lindane Lotion,Lindane 1%,85,45,"scabies, lice (acute)","Adults with scabies, lice","Scabies, head lice"
214,Povidone Iodine,Povidone Iodine 10%,42,22,"antiseptic, wound care (acute)",Adults and children for wound cleaning,"Wound disinfection, minor cuts, burns, skin antisepsis"
215,Chlorhexidine Solution,Chlorhexidine Gluconate 0.2%,55,28,"antiseptic, oral care (chronic)","Adults for oral hygiene, wound care","Gingivitis, mouth infection, wound disinfection"
216,Hydrogen Peroxide,Hydrogen Peroxide 3%,18,8,"antiseptic, wound care (acute)",Adults and children for wound cleaning,"Wound cleaning, minor cuts, oral hygiene"
217,Silver Sulfadiazine Cream,Silver Sulfadiazine 1%,125,68,burn care (acute),Adults and children with burns,Burn wound infection prevention
218,Mupirocin Ointment,Mupirocin 2%,165,88,bacterial skin infection (acute),Adults and children with skin infections,"Impetigo, skin infection, wound infection"
219,Fusidic Acid Cream,Fusidic Acid 2%,145,75,bacterial skin infection (acute),Adults and children with skin infections,"Impetigo, infected eczema, skin infection"
220,Hydroquinone Cream,Hydroquinone 2%,185,95,hyperpigmentation (chronic),"Adults with melasma, dark spots","Melasma, hyperpigmentation, dark spots"
221,Tretinoin Cream,Tretinoin 0.025%,225,125,"acne, aging skin (chronic)","Adults with acne, photoaging","Acne, wrinkles, hyperpigmentation"
222,Adapalene Gel,Adapalene 0.1%,285,165,acne (chronic),Adolescents and adults with acne,"Acne, comedones, pimples"
223,Benzoyl Peroxide Gel,Benzoyl Peroxide 2.5%,145,75,acne (chronic),Adolescents and adults with acne,"Acne, pimples"
224,Clindamycin Gel,Clindamycin 1%,165,88,acne (chronic),Adolescents and adults with acne,"Acne, pimples"
225,Salicylic Acid Cream,Salicylic Acid 2%,95,48,"acne, warts (chronic)","Adolescents and adults with acne, warts","Acne, warts, psoriasis"
226,Tacrolimus Ointment,Tacrolimus 0.1%,625,425,"eczema, atopic dermatitis (chronic)",Adults and children with eczema,"Eczema, atopic dermatitis"
227,Pimecrolimus Cream,Pimecrolimus 1%,485,285,"eczema, atopic dermatitis (chronic)",Adults and children with eczema,"Eczema, atopic dermatitis"
228,Betamethasone Cream,Betamethasone 0.1%,55,28,"skin inflammation, eczema (acute and chronic)",Adults and children with skin inflammation,"Eczema, psoriasis, dermatitis, allergic rash"
229,Clobetasol Cream,Clobetasol 0.05%,125,68,severe skin inflammation (chronic),"Adults with severe eczema, psoriasis","Severe eczema, psoriasis, lichen planus"
230,Mometasone Cream,Mometasone 0.1%,95,48,"skin inflammation, eczema (chronic)",Adults and children with skin inflammation,"Eczema, psoriasis, dermatitis"
231,Calamine Lotion,Calamine 8%,22,10,"skin irritation, itching (acute)",Adults and children with skin irritation,"Itching, sunburn, insect bites, rash"
232,Vitamin E Cream,Vitamin E 400 IU,85,45,"skin care, wound healing (chronic)",Adults for skin care,"Dry skin, wound healing, scar prevention"
233,Petroleum Jelly,White Petroleum 100%,28,12,skin moisturizer (chronic),Adults and children for dry skin,"Dry skin, chapped lips, minor burns"
234,Urea Cream,Urea 10%,125,68,"dry skin, calluses (chronic)","Adults with dry skin, calluses","Dry skin, calluses, rough skin"
235,Lactic Acid Lotion,Lactic Acid 12%,145,75,"dry skin, keratosis (chronic)","Adults with dry skin, keratosis pilaris","Dry skin, rough skin, keratosis pilaris"
236,Coal Tar Shampoo,Coal Tar 2%,165,88,"psoriasis, seborrheic dermatitis (chronic)","Adults with scalp psoriasis, dandruff","Psoriasis, seborrheic dermatitis, dandruff"
237,Ketoconazole Shampoo,Ketoconazole 2%,225,125,"dandruff, fungal scalp infection (chronic)","Adults with dandruff, fungal infection","Dandruff, seborrheic dermatitis, fungal scalp infection"
238,Minoxidil Solution,Minoxidil 5%,485,285,hair loss (chronic),Adults with androgenetic alopecia,Male and female pattern hair loss
239,Finasteride 1,Finasteride 1mg,185,95,male pattern baldness (chronic),Adult men with male pattern baldness,Male pattern hair loss
240,Isotretinoin 20,Isotretinoin 20mg,385,225,severe acne (chronic),Adolescents and adults with severe acne,"Severe acne, cystic acne"
241,Pilocarpine Eye Drops,Pilocarpine 2%,145,75,glaucoma (chronic),Adults with glaucoma,"Open-angle glaucoma, increased eye pressure"
242,Timolol Eye Drops,Timolol 0.5%,185,95,glaucoma (chronic),"Adults with glaucoma, ocular hypertension","Glaucoma, increased eye pressure"
243,Latanoprost Eye Drops,Latanoprost 0.005%,425,245,glaucoma (chronic),"Adults with glaucoma, ocular hypertension","Glaucoma, increased eye pressure"
244,Brimonidine Eye Drops,Brimonidine 0.2%,285,165,glaucoma (chronic),"Adults with glaucoma, ocular hypertension","Glaucoma, increased eye pressure"
245,Carteolol Eye Drops,Carteolol 1%,225,125,glaucoma (chronic),Adults with glaucoma,"Glaucoma, increased eye pressure"
246,Tropicamide Eye Drops,Tropicamide 1%,95,48,eye examination (acute),Adults and children for eye examination,Pupil dilation for eye examination
247,Cyclopentolate Eye Drops,Cyclopentolate 1%,125,68,"eye examination, uveitis (acute)",Adults and children for eye examination,"Pupil dilation, cycloplegic refraction"
248,Tetracycline Eye Ointment,Tetracycline 1%,35,18,bacterial eye infection (acute),Adults and children with eye infection,"Conjunctivitis, bacterial eye infection"
249,Chloramphenicol Eye Drops,Chloramphenicol 0.5%,28,12,bacterial eye infection (acute),Adults and children with eye infection,"Conjunctivitis, bacterial eye infection"
250,Moxifloxacin Eye Drops,Moxifloxacin 0.5%,185,95,bacterial eye infection (acute),Adults with bacterial eye infection,"Conjunctivitis, bacterial keratitis"
251,Artificial Tears,Carboxymethylcellulose 0.5%,125,68,dry eyes (chronic),Adults with dry eyes,"Dry eyes, eye irritation"
252,Sodium Hyaluronate Eye Drops,Sodium Hyaluronate 0.1%,225,125,dry eyes (chronic),Adults with dry eyes,"Dry eyes, contact lens discomfort"
253,Prednisolone Eye Drops,Prednisolone Acetate 1%,165,88,eye inflammation (acute),Adults with eye inflammation,"Uveitis, allergic conjunctivitis, post-operative inflammation"
254,Dexamethasone Eye Drops,Dexamethasone 0.1%,145,75,eye inflammation (acute),Adults with eye inflammation,"Uveitis, allergic conjunctivitis, inflammation"
255,Olopatadine Eye Drops,Olopatadine 0.1%,285,165,allergic conjunctivitis (chronic),Adults and children with eye allergies,"Allergic conjunctivitis, itchy eyes"
256,Ketotifen Eye Drops,Ketotifen 0.025%,145,75,allergic conjunctivitis (chronic),Adults and children with eye allergies,"Allergic conjunctivitis, itchy eyes"
257,Ciprofloxacin Ear Drops,Ciprofloxacin 0.3%,85,45,ear infection (acute),Adults and children with ear infection,"Otitis externa, ear infection"
258,Ofloxacin Ear Drops,Ofloxacin 0.3%,95,48,ear infection (acute),Adults and children with ear infection,"Otitis externa, chronic suppurative otitis media"
259,Hydrogen Peroxide Ear Drops,Hydrogen Peroxide 6.5%,55,28,earwax removal (acute),Adults and children with earwax,Earwax removal
260,Glycerin Ear Drops,Glycerin,42,22,ear discomfort (acute),Adults and children with ear irritation,"Ear discomfort, earwax softening"
261,Sodium Bicarbonate Ear Drops,Sodium Bicarbonate 5%,38,18,earwax removal (acute),Adults and children with earwax,Earwax softening and removal
262,Betahistine 16,Betahistine 16mg,95,48,"vertigo, Meniere's disease (chronic)","Adults with vertigo, Meniere's disease","Vertigo, dizziness, Meniere's disease"
263,Cinnarizine 25,Cinnarizine 25mg,18,8,"vertigo, motion sickness (acute and chronic)","Adults with vertigo, motion sickness","Vertigo, dizziness, travel sickness"
264,Meclizine 25,Meclizine 25mg,28,12,"vertigo, motion sickness (acute)","Adults with vertigo, motion sickness","Vertigo, dizziness, nausea from motion"
265,Dimenhydrinate 50,Dimenhydrinate 50mg,22,10,motion sickness (acute),Adults and children with motion sickness,"Motion sickness, nausea, vomiting"
266,Scopolamine Patch,Scopolamine 1.5mg,425,245,motion sickness (acute),Adults with motion sickness,Motion sickness prevention
267,Oral Rehydration Salts,ORS Powder,8,3,dehydration (acute),Adults and children with dehydration,"Dehydration from diarrhea, vomiting, heat"
268,Loperamide 2,Loperamide 2mg,18,8,diarrhea (acute),Adults with acute diarrhea,Acute diarrhea
269,Racecadotril 100,Racecadotril 100mg,85,45,acute diarrhea (acute),Adults and children with acute diarrhea,Acute diarrhea
270,Probiotics,Lactobacillus + Bifidobacterium,185,95,"digestive health, antibiotic-associated diarrhea (chronic)",Adults and children for gut health,"Diarrhea, digestive health, gut flora restoration"
271,Zinc Sulfate 20,Zinc Sulfate 20mg,12,5,"zinc deficiency, diarrhea (acute and chronic)","Children with diarrhea, zinc deficiency","Zinc deficiency, diarrhea in children, immunity"
272,Magnesium Hydroxide,Magnesium Hydroxide 400mg,28,12,"constipation, acidity (acute)","Adults with constipation, acidity","Constipation, acidity, heartburn"
273,Lactulose Solution,Lactulose 10g/15ml,125,68,"constipation, hepatic encephalopathy (chronic)","Adults with constipation, liver disease","Constipation, hepatic encephalopathy"
274,Polyethylene Glycol,Polyethylene Glycol 3350,285,165,constipation (chronic),Adults with chronic constipation,Chronic constipation
275,Bisacodyl 5,Bisacodyl 5mg,18,8,constipation (acute),Adults with constipation,"Constipation, bowel preparation"
276,Senna 8.6,Sennosides 8.6mg,15,6,constipation (acute),Adults with constipation,Constipation
277,Docusate Sodium 100,Docusate Sodium 100mg,28,12,constipation (acute),Adults with constipation,"Constipation, stool softening"
278,Simethicone 40,Simethicone 40mg,22,10,"gas, bloating (acute)",Adults and children with gas,"Gas, bloating, flatulence"
279,Activated Charcoal,Activated Charcoal 250mg,42,22,"poisoning, gas (acute)","Adults with poisoning, gas","Poisoning, drug overdose, gas"
280,Ursodeoxycholic Acid 300,Ursodeoxycholic Acid 300mg,225,125,"gallstones, liver disease (chronic)","Adults with gallstones, primary biliary cholangitis","Gallstones, liver disease, cholestasis"
281,Silymarin 140,Silymarin 140mg,145,75,liver health (chronic),Adults with liver disease,"Liver protection, fatty liver disease"
282,N-Acetylcysteine 600,N-Acetylcysteine 600mg,125,68,"paracetamol overdose, mucolytic (acute)","Adults with paracetamol overdose, mucus","Paracetamol poisoning, thick mucus, COPD"
283,Ambroxol 30,Ambroxol 30mg,28,12,cough with mucus (acute),Adults and children with productive cough,"Cough with mucus, bronchitis"
284,Bromhexine 8,Bromhexine 8mg,22,10,cough with mucus (acute),Adults and children with productive cough,"Cough with mucus, respiratory tract disorders"
285,Guaifenesin 200,Guaifenesin 200mg,42,22,cough with mucus (acute),Adults and children with productive cough,"Cough with mucus, chest congestion"
286,Dextromethorphan 10,Dextromethorphan 10mg,35,18,dry cough (acute),Adults and children with dry cough,"Dry cough, cough suppression"
287,Codeine 10,Codeine Phosphate 10mg,28,12,"cough, mild pain (acute)","Adults with cough, mild pain","Dry cough, mild to moderate pain"
288,Diphenhydramine 25,Diphenhydramine 25mg,18,8,"allergy, cough, insomnia (acute)","Adults with allergies, cough, insomnia","Allergies, cough, sleep aid, motion sickness"
289,Pseudoephedrine 30,Pseudoephedrine 30mg,22,10,nasal congestion (acute),Adults with nasal congestion,"Nasal congestion, sinus pressure"
290,Phenylephrine 10,Phenylephrine 10mg,18,8,nasal congestion (acute),Adults with nasal congestion,"Nasal congestion, sinus pressure"
291,Xylometazoline Nasal Spray,Xylometazoline 0.1%,85,45,nasal congestion (acute),Adults with nasal congestion,"Nasal congestion, stuffy nose"
292,Oxymetazoline Nasal Spray,Oxymetazoline 0.05%,95,48,nasal congestion (acute),Adults and children with nasal congestion,"Nasal congestion, stuffy nose"
293,Sodium Chloride Nasal Spray,Sodium Chloride 0.9%,65,35,"nasal dryness, congestion (acute)",Adults and children for nasal care,"Nasal dryness, nasal hygiene, congestion relief"
294,Fluticasone Nasal Spray,Fluticasone Propionate 50mcg,385,225,allergic rhinitis (chronic),Adults and children with allergic rhinitis,"Allergic rhinitis, nasal allergies, nasal polyps"
295,Mometasone Nasal Spray,Mometasone Furoate 50mcg,425,245,allergic rhinitis (chronic),Adults and children with allergic rhinitis,"Allergic rhinitis, nasal allergies"
296,Azelastine Nasal Spray,Azelastine 0.1%,485,285,allergic rhinitis (chronic),Adults and children with allergic rhinitis,"Allergic rhinitis, nasal allergies"
297,Ipratropium Nasal Spray,Ipratropium 0.03%,325,185,rhinorrhea (chronic),Adults with runny nose,"Runny nose, rhinorrhea"
298,Melatonin 3,Melatonin 3mg,285,165,"insomnia, jet lag (chronic)","Adults with insomnia, jet lag","Insomnia, sleep disorders, jet lag"
299,Zolpidem 10,Zolpidem 10mg,125,68,insomnia (chronic),Adults with insomnia,"Insomnia, difficulty falling asleep"
300,Eszopiclone 2,Eszopiclone 2mg,225,125,insomnia (chronic),Adults with insomnia,"Insomnia, difficulty falling or staying asleep"
301,Zaleplon 10,Zaleplon 10mg,185,95,insomnia (chronic),Adults with insomnia,"Insomnia, difficulty falling asleep"
302,Ramelteon 8,Ramelteon 8mg,385,225,insomnia (chronic),Adults with insomnia,"Insomnia, difficulty falling asleep"
303,Modafinil 100,Modafinil 100mg,485,285,"narcolepsy, sleep apnea (chronic)","Adults with narcolepsy, sleep disorders","Narcolepsy, excessive daytime sleepiness, shift work disorder"
304,Atomoxetine 40,Atomoxetine 40mg,625,425,ADHD (chronic),Children and adults with ADHD,"ADHD, attention deficit hyperactivity disorder"
305,Methylphenidate 10,Methylphenidate 10mg,285,165,ADHD (chronic),Children and adults with ADHD,"ADHD, attention deficit hyperactivity disorder"
306,Lisdexamfetamine 30,Lisdexamfetamine 30mg,825,625,ADHD (chronic),Children and adults with ADHD,"ADHD, binge eating disorder"
307,Baclofen 10,Baclofen 10mg,28,12,muscle spasm (chronic),"Adults with muscle spasm, spasticity","Muscle spasm, spasticity, multiple sclerosis"
308,Tizanidine 2,Tizanidine 2mg,85,45,muscle spasm (chronic),"Adults with muscle spasm, spasticity","Muscle spasm, spasticity"
309,Chlorzoxazone 250,Chlorzoxazone 250mg,22,10,muscle spasm (acute),Adults with muscle spasm,"Muscle spasm, musculoskeletal pain"
310,Methocarbamol 500,Methocarbamol 500mg,42,22,muscle spasm (acute),Adults with muscle spasm,"Muscle spasm, musculoskeletal pain"
311,Cyclobenzaprine 5,Cyclobenzaprine 5mg,55,28,muscle spasm (acute),Adults with muscle spasm,"Muscle spasm, musculoskeletal pain"
312,Thiocolchicoside 4,Thiocolchicoside 4mg,35,18,muscle spasm (acute),Adults with muscle spasm,"Muscle spasm, painful muscle contracture"
313,Glucosamine 500,Glucosamine Sulfate 500mg,285,165,osteoarthritis (chronic),Adults with osteoarthritis,"Osteoarthritis, joint pain, cartilage health"
314,Chondroitin 400,Chondroitin Sulfate 400mg,325,185,osteoarthritis (chronic),Adults with osteoarthritis,"Osteoarthritis, joint pain, cartilage health"
315,Methylsulfonylmethane 1000,MSM 1000mg,385,225,"joint pain, inflammation (chronic)","Adults with joint pain, arthritis","Joint pain, inflammation, arthritis"
316,Collagen Peptides,Collagen Type II 40mg,485,285,"joint health, skin health (chronic)",Adults for joint and skin health,"Joint pain, osteoarthritis, skin elasticity"
317,Hyaluronic Acid 100,Hyaluronic Acid 100mg,625,425,"joint health, skin health (chronic)",Adults for joint and skin health,"Joint lubrication, skin hydration"
318,Testosterone Gel,Testosterone 1%,1850,1450,hypogonadism (chronic),Adult men with low testosterone,"Low testosterone, hypogonadism"
319,Estradiol Patch,Estradiol 0.05mg,825,625,menopause (chronic),Postmenopausal women,"Menopausal symptoms, hot flashes, osteoporosis prevention"
320,Conjugated Estrogens 0.625,Conjugated Estrogens 0.625mg,285,165,menopause (chronic),Postmenopausal women,"Menopausal symptoms, hot flashes, vaginal dryness"
321,Tibolone 2.5,Tibolone 2.5mg,425,245,menopause (chronic),Postmenopausal women,"Menopausal symptoms, hot flashes, bone loss prevention"
322,Black Cohosh Extract,Black Cohosh 40mg,385,225,menopausal symptoms (chronic),Postmenopausal women,"Hot flashes, menopausal symptoms"
323,Saw Palmetto Extract,Saw Palmetto 320mg,485,285,benign prostatic hyperplasia (chronic),Adult men with BPH,"Enlarged prostate, urinary symptoms"
324,Cranberry Extract,Cranberry 500mg,285,165,urinary tract health (chronic),Adults for UTI prevention,Urinary tract infection prevention
325,D-Mannose 500,D-Mannose 500mg,625,425,urinary tract health (chronic),Adults for UTI prevention,Urinary tract infection prevention
326,Potassium Citrate 1080,Potassium Citrate 1080mg,145,75,kidney stones (chronic),"Adults with kidney stones, low potassium","Kidney stone prevention, alkalinization of urine"
327,Tamsulosin + Dutasteride,Tamsulosin 0.4mg + Dutasteride 0.5mg,285,165,benign prostatic hyperplasia (chronic),Adult men with enlarged prostate,"Enlarged prostate, urinary symptoms"
328,Solifenacin 5,Solifenacin 5mg,325,185,overactive bladder (chronic),Adults with overactive bladder,"Urinary urgency, frequency, incontinence"
329,Tolterodine 2,Tolterodine 2mg,285,165,overactive bladder (chronic),Adults with overactive bladder,"Urinary urgency, frequency, incontinence"
330,Oxybutynin 5,Oxybutynin 5mg,85,45,overactive bladder (chronic),Adults with overactive bladder,"Urinary urgency, frequency, incontinence"
331,Mirabegron 25,Mirabegron 25mg,625,425,overactive bladder (chronic),Adults with overactive bladder,"Urinary urgency, frequency, incontinence"
332,Desmopressin 0.1,Desmopressin 0.1mg,485,285,"diabetes insipidus, bedwetting (chronic)","Adults and children with diabetes insipidus, enuresis","Diabetes insipidus, bedwetting, nocturia"
333,Cabergoline 0.5,Cabergoline 0.5mg,385,225,"hyperprolactinemia, Parkinson's (chronic)","Adults with high prolactin, Parkinson's disease","High prolactin levels, Parkinson's disease"
334,Bromocriptine 2.5,Bromocriptine 2.5mg,145,75,"hyperprolactinemia, Parkinson's (chronic)","Adults with high prolactin, Parkinson's disease","High prolactin levels, Parkinson's disease"
335,Carbimazole 5,Carbimazole 5mg,42,22,hyperthyroidism (chronic),Adults with overactive thyroid,"Hyperthyroidism, overactive thyroid"
336,Propylthiouracil 50,Propylthiouracil 50mg,28,12,hyperthyroidism (chronic),Adults with overactive thyroid,"Hyperthyroidism, overactive thyroid"
337,Methimazole 5,Methimazole 5mg,55,28,hyperthyroidism (chronic),Adults with overactive thyroid,"Hyperthyroidism, overactive thyroid"
338,Octreotide Injection,Octreotide 100mcg,2850,2200,"acromegaly, carcinoid tumors (chronic)","Adults with acromegaly, neuroendocrine tumors","Acromegaly, carcinoid syndrome, neuroendocrine tumors"
339,Somatropin Injection,Somatropin 4 IU,3850,3200,growth hormone deficiency (chronic),Children and adults with growth hormone deficiency,"Growth hormone deficiency, short stature"
340,Glargine + Lixisenatide,Insulin Glargine 100 IU + Lixisenatide 33mcg,3850,3200,type 2 diabetes (chronic),Adults with type 2 diabetes,"High blood sugar, combination insulin and GLP-1 therapy"
341,Insulin + Metformin Combo,Insulin Glargine 100 IU (separate) + Metformin 500mg,1900,1450,type 2 diabetes (chronic),Adults with type 2 diabetes,"High blood sugar, insulin plus oral agent"
342,Linagliptin 5,Linagliptin 5mg,285,165,type 2 diabetes (chronic),Adults with type 2 diabetes,High blood sugar in type 2 diabetes mellitus
343,Alogliptin 25,Alogliptin 25mg,325,185,type 2 diabetes (chronic),Adults with type 2 diabetes,High blood sugar in type 2 diabetes mellitus
344,Rosiglitazone 4,Rosiglitazone 4mg,145,75,type 2 diabetes (chronic),Adults with type 2 diabetes,"High blood sugar, insulin resistance"
345,Nateglinide + Metformin,Nateglinide 60mg + Metformin 500mg,225,125,type 2 diabetes (chronic),Adults with type 2 diabetes,High blood sugar in type 2 diabetes mellitus
346,Vildagliptin + Metformin,Vildagliptin 50mg + Metformin 500mg,225,125,type 2 diabetes (chronic),Adults with type 2 diabetes,High blood sugar in type 2 diabetes mellitus
347,Sitagliptin + Metformin,Sitagliptin 50mg + Metformin 500mg,285,165,type 2 diabetes (chronic),Adults with type 2 diabetes,High blood sugar in type 2 diabetes mellitus
348,Dapagliflozin + Metformin,Dapagliflozin 10mg + Metformin 500mg,485,285,type 2 diabetes (chronic),Adults with type 2 diabetes,"High blood sugar, heart and kidney protection"
349,Empagliflozin + Metformin,Empagliflozin 10mg + Metformin 500mg,485,285,"type 2 diabetes, heart failure (chronic)","Adults with type 2 diabetes, heart failure","High blood sugar, heart failure, cardiovascular protection"
350,Amlodipine + Atorvastatin,Amlodipine 5mg + Atorvastatin 10mg,185,95,"hypertension, high cholesterol (chronic)",Adults with high blood pressure and cholesterol,"High blood pressure, high cholesterol"
351,Amlodipine + Telmisartan,Amlodipine 5mg + Telmisartan 40mg,165,88,hypertension (chronic),Adults with high blood pressure,High blood pressure
352,Losartan + Hydrochlorothiazide,Losartan 50mg + Hydrochlorothiazide 12.5mg,125,68,hypertension (chronic),Adults with high blood pressure,High blood pressure
353,Telmisartan + Hydrochlorothiazide,Telmisartan 40mg + Hydrochlorothiazide 12.5mg,145,75,hypertension (chronic),Adults with high blood pressure,High blood pressure
354,Enalapril + Hydrochlorothiazide,Enalapril 5mg + Hydrochlorothiazide 12.5mg,85,45,hypertension (chronic),Adults with high blood pressure,High blood pressure
355,Ramipril + Hydrochlorothiazide,Ramipril 5mg + Hydrochlorothiazide 12.5mg,125,68,hypertension (chronic),Adults with high blood pressure,High blood pressure
356,Perindopril + Amlodipine,Perindopril 5mg + Amlodipine 5mg,225,125,hypertension (chronic),Adults with high blood pressure,High blood pressure
357,Valsartan + Amlodipine,Valsartan 80mg + Amlodipine 5mg,285,165,hypertension (chronic),Adults with high blood pressure,High blood pressure
358,Olmesartan + Amlodipine,Olmesartan 20mg + Amlodipine 5mg,325,185,hypertension (chronic),Adults with high blood pressure,High blood pressure
359,Bisoprolol + Hydrochlorothiazide,Bisoprolol 5mg + Hydrochlorothiazide 6.25mg,145,75,hypertension (chronic),Adults with high blood pressure,High blood pressure
360,Atenolol + Chlorthalidone,Atenolol 50mg + Chlorthalidone 12.5mg,42,22,hypertension (chronic),Adults with high blood pressure,High blood pressure
361,Aspirin + Clopidogrel,Aspirin 75mg + Clopidogrel 75mg,285,165,cardiovascular protection (chronic),"Adults post-MI, post-stroke","Prevention of heart attack and stroke, dual antiplatelet therapy"
362,Aspirin + Atorvastatin,Aspirin 75mg + Atorvastatin 10mg,145,75,cardiovascular protection (chronic),Adults with cardiovascular risk,"Prevention of heart attack, stroke, high cholesterol"
363,Rosuvastatin + Ezetimibe,Rosuvastatin 10mg + Ezetimibe 10mg,425,245,high cholesterol (chronic),Adults with high cholesterol,"High cholesterol, combined therapy"
364,Atorvastatin + Ezetimibe,Atorvastatin 10mg + Ezetimibe 10mg,385,225,high cholesterol (chronic),Adults with high cholesterol,"High cholesterol, combined therapy"
365,Sacubitril + Valsartan,Sacubitril 49mg + Valsartan 51mg,1850,1450,heart failure (chronic),Adults with heart failure,Heart failure with reduced ejection fraction
366,Tramadol + Paracetamol,Tramadol 37.5mg + Paracetamol 325mg,85,45,moderate pain (acute and chronic),Adults with moderate pain,"Moderate pain, post-operative pain"
367,Paracetamol + Caffeine,Paracetamol 500mg + Caffeine 65mg,28,12,"headache, pain (acute)","Adults with headache, pain","Headache, migraine, muscle pain"
368,Diclofenac + Paracetamol,Diclofenac 50mg + Paracetamol 325mg,42,22,"pain, inflammation (acute)",Adults with pain and inflammation,"Arthritis, muscle pain, fever"
369,Aceclofenac + Paracetamol + Serratiopeptidase,Aceclofenac 100mg + Paracetamol 325mg + Serratiopeptidase 15mg,68,35,"pain, inflammation (acute and chronic)",Adults with pain and inflammation,"Arthritis, muscle pain, inflammation, swelling"
370,Diclofenac + Serratiopeptidase,Diclofenac 50mg + Serratiopeptidase 10mg,45,22,"pain, inflammation (acute and chronic)",Adults with pain and inflammation,"Arthritis, muscle pain, inflammation, swelling"
371,Paracetamol + Chlorpheniramine + Phenylephrine,Paracetamol 325mg + Chlorpheniramine 2mg + Phenylephrine 5mg,28,12,"cold, flu (acute)",Adults and children with cold and flu,"Cold, flu, fever, runny nose, nasal congestion"
372,Dextromethorphan + Phenylephrine + Chlorpheniramine,Dextromethorphan 10mg + Phenylephrine 5mg + Chlorpheniramine 2mg,42,22,"cold, cough (acute)",Adults and children with cold and cough,"Cough, cold, nasal congestion, runny nose"
373,Ambroxol + Guaifenesin + Terbutaline,Ambroxol 15mg + Guaifenesin 50mg + Terbutaline 1.25mg,55,28,cough with mucus (acute),Adults and children with productive cough,"Cough with mucus, bronchitis, asthma"
374,Levocetirizine + Montelukast,Levocetirizine 5mg + Montelukast 10mg,125,68,"allergic rhinitis, asthma (chronic)","Adults and children with allergies, asthma","Allergic rhinitis, asthma, runny nose, wheezing"
375,Fexofenadine + Montelukast,Fexofenadine 120mg + Montelukast 10mg,285,165,"allergic rhinitis, asthma (chronic)","Adults with allergies, asthma","Allergic rhinitis, asthma, seasonal allergies"
376,Cetirizine + Ambroxol,Cetirizine 5mg + Ambroxol 60mg,42,22,"allergy, cough (acute)",Adults with allergy and cough,"Allergic cough, runny nose, mucus"
377,Vitamin B1 + B6 + B12,Thiamine 100mg + Pyridoxine 100mg + Methylcobalamin 1500mcg,85,45,"vitamin B deficiency, neuropathy (chronic)","Adults with vitamin B deficiency, nerve damage","Vitamin B deficiency, neuropathy, nerve damage"
378,Calcium + Vitamin D3 + Magnesium,Calcium 500mg + Vitamin D3 250 IU + Magnesium 50mg,145,75,"bone health, osteoporosis (chronic)",Adults with bone health needs,"Osteoporosis, bone health, calcium and vitamin D deficiency"
379,Iron + Folic Acid + Vitamin B12,Ferrous Sulfate 150mg + Folic Acid 1.5mg + Vitamin B12 15mcg,28,12,"anemia, nutritional deficiency (chronic)","Pregnant women, adults with anemia","Anemia, pregnancy nutrition, vitamin deficiency"
380,Glucosamine + Chondroitin + MSM,Glucosamine 500mg + Chondroitin 400mg + MSM 250mg,485,285,"osteoarthritis, joint health (chronic)","Adults with osteoarthritis, joint pain","Osteoarthritis, joint pain, cartilage health"
381,Collagen + Vitamin C + Hyaluronic Acid,Collagen 40mg + Vitamin C 50mg + Hyaluronic Acid 30mg,625,425,"joint health, skin health (chronic)",Adults for joint and skin health,"Joint pain, skin elasticity, anti-aging"
382,Omega-3 + Coenzyme Q10,Omega-3 1000mg + Coenzyme Q10 100mg,485,285,"heart health, cardiovascular protection (chronic)",Adults with cardiovascular risk,"Heart health, high triglycerides, energy production"
383,Multivitamin + Minerals + Antioxidants,Comprehensive formula,225,125,nutritional deficiency (chronic),Adults for general health,"Vitamin and mineral deficiency, immunity, general health"
384,Lycopene + Multivitamin + Multimineral,Lycopene 10mg + Multivitamin + Multimineral,285,165,"antioxidant, nutritional support (chronic)",Adults for antioxidant support,"Antioxidant support, heart health, prostate health"
385,Green Tea Extract + Garcinia Cambogia,Green Tea 250mg + Garcinia Cambogia 500mg,385,225,weight management (chronic),Adults for weight loss,"Weight management, metabolism support, fat burning"
386,Ashwagandha Extract 300,Ashwagandha 300mg,285,165,"stress, anxiety (chronic)","Adults with stress, anxiety, fatigue","Stress, anxiety, fatigue, adaptogenic support"
387,Curcumin 500,Curcumin 500mg,385,225,"inflammation, antioxidant (chronic)","Adults with inflammation, joint pain","Inflammation, joint pain, antioxidant support"
388,Ginkgo Biloba 120,Ginkgo Biloba 120mg,285,165,"memory, circulation (chronic)",Adults for cognitive support,"Memory, cognitive function, circulation"
389,Ginseng Extract 200,Panax Ginseng 200mg,425,245,"energy, immunity (chronic)",Adults for energy and immunity,"Energy, fatigue, immunity, stamina"
390,Tribulus Terrestris 500,Tribulus Terrestris 500mg,325,185,testosterone support (chronic),Adult men for testosterone support,"Low testosterone, libido, muscle building"
391,Fenugreek Extract 500,Fenugreek 500mg,225,125,"blood sugar, lactation (chronic)","Adults with blood sugar issues, nursing mothers","Blood sugar control, lactation support, testosterone"
392,Garlic Extract 500,Garlic 500mg,185,95,cardiovascular health (chronic),Adults for heart health,"High cholesterol, high blood pressure, immunity"
393,Spirulina 500,Spirulina 500mg,325,185,nutritional supplement (chronic),Adults for nutritional support,"Nutritional deficiency, protein supplement, energy"
394,Chlorella 500,Chlorella 500mg,385,225,"detox, nutritional supplement (chronic)",Adults for detox and nutrition,"Detoxification, nutritional support, immunity"
395,Whey Protein Powder,Whey Protein 30g per serving,1850,1450,protein supplement (chronic),Adults and athletes for protein,"Muscle building, recovery, protein supplementation"
396,Creatine Monohydrate 3g,Creatine 3g,625,425,muscle performance (chronic),Athletes for muscle performance,"Muscle strength, athletic performance, recovery"
397,BCAA 5g,Branched Chain Amino Acids 5g,825,625,muscle recovery (chronic),Athletes for muscle recovery,"Muscle recovery, endurance, protein synthesis"
398,L-Carnitine 500,L-Carnitine 500mg,485,285,"weight loss, energy (chronic)",Adults for weight loss and energy,"Weight loss, fat burning, energy production"
399,Alpha Lipoic Acid 300,Alpha Lipoic Acid 300mg,385,225,"antioxidant, diabetic neuropathy (chronic)","Adults with diabetes, neuropathy","Antioxidant support, diabetic nerve pain, blood sugar"
400,Biotin 10000mcg,Biotin 10mg,285,165,"hair, skin, nails (chronic)","Adults for hair, skin, nail health","Hair growth, skin health, nail strength"
401,Silica 50,Silicon Dioxide 50mg,225,125,"hair, skin, nails (chronic)","Adults for hair, skin, nail health","Hair growth, skin elasticity, nail strength"
402,Collagen Peptides Powder,Collagen 10g per serving,1450,1150,"joint health, skin health (chronic)",Adults for joint and skin health,"Joint pain, skin elasticity, anti-aging"
403,Glutamine 5g,L-Glutamine 5g,625,425,"gut health, muscle recovery (chronic)",Adults and athletes for gut and muscle health,"Gut health, muscle recovery, immune support"
404,Probiotics 10 Billion CFU,Lactobacillus + Bifidobacterium 10B CFU,485,285,digestive health (chronic),Adults and children for gut health,"Digestive health, immunity, gut flora balance"
405,Prebiotics Inulin 5g,Inulin 5g,325,185,digestive health (chronic),Adults for gut health,"Digestive health, gut flora support, fiber"
406,Fiber Supplement 5g,Psyllium Husk 5g,225,125,"digestive health, constipation (chronic)","Adults with constipation, gut health","Constipation, digestive health, cholesterol reduction"
407,Apple Cider Vinegar 500,Apple Cider Vinegar 500mg,285,165,"weight loss, blood sugar (chronic)",Adults for weight loss and blood sugar,"Weight loss, blood sugar control, digestion"
408,Berberine 500,Berberine 500mg,485,285,"blood sugar, cholesterol (chronic)",Adults with blood sugar and cholesterol issues,"Blood sugar control, high cholesterol, metabolic health"
409,Cinnamon Extract 500,Cinnamon 500mg,225,125,blood sugar (chronic),Adults with blood sugar issues,"Blood sugar control, insulin sensitivity"
410,Bitter Melon Extract 500,Bitter Melon 500mg,285,165,blood sugar (chronic),"Adults with diabetes, blood sugar issues","Blood sugar control, type 2 diabetes support"
411,Gymnema Sylvestre 400,Gymnema Sylvestre 400mg,325,185,"blood sugar, sugar cravings (chronic)","Adults with diabetes, sugar cravings","Blood sugar control, reduced sugar cravings"
412,Milk Thistle 500,Silymarin 500mg,385,225,liver health (chronic),"Adults with liver disease, detox","Liver protection, liver detox, fatty liver"
413,Dandelion Root 500,Dandelion 500mg,225,125,"liver health, detox (chronic)",Adults for liver and kidney support,"Liver detox, kidney health, diuretic"
414,Turmeric + Black Pepper,Curcumin 500mg + Piperine 5mg,425,245,"inflammation, absorption (chronic)","Adults with inflammation, joint pain","Inflammation, joint pain, enhanced curcumin absorption"
415,Resveratrol 200,Resveratrol 200mg,625,425,"antioxidant, heart health (chronic)",Adults for heart and brain health,"Antioxidant support, heart health, anti-aging"
416,Quercetin 500,Quercetin 500mg,385,225,"antioxidant, immunity (chronic)",Adults for immunity and inflammation,"Antioxidant support, immunity, allergies"
417,Echinacea 400,Echinacea 400mg,225,125,"immunity, cold prevention (chronic)",Adults for immunity support,"Immunity support, cold and flu prevention"
418,Elderberry Extract 500,Elderberry 500mg,325,185,"immunity, cold and flu (acute)",Adults and children for immunity,"Immunity support, cold and flu treatment"
419,Vitamin D3 + K2,Cholecalciferol 1000 IU + Menaquinone 100mcg,385,225,"bone health, cardiovascular (chronic)",Adults for bone and heart health,"Bone health, calcium absorption, cardiovascular health"
420,Magnesium Glycinate 400,Magnesium 400mg,325,185,"muscle, sleep, heart (chronic)",Adults with magnesium deficiency,"Muscle cramps, sleep quality, heart health"
421,Zinc Picolinate 50,Zinc 50mg,185,95,"immunity, wound healing (chronic)","Adults with zinc deficiency, immunity needs","Immunity, wound healing, skin health"
422,Selenium 200mcg,Selenium 200mcg,225,125,"antioxidant, thyroid (chronic)",Adults for antioxidant and thyroid support,"Antioxidant support, thyroid health, immunity"
423,Iodine 150mcg,Potassium Iodide 150mcg,145,75,thyroid health (chronic),Adults with iodine deficiency,"Thyroid function, iodine deficiency prevention"
424,Chromium Picolinate 200mcg,Chromium 200mcg,225,125,blood sugar (chronic),Adults with blood sugar issues,"Blood sugar control, insulin sensitivity"
425,Vanadium 10mg,Vanadyl Sulfate 10mg,285,165,blood sugar (chronic),Adults with diabetes,"Blood sugar control, insulin mimetic"
426,Molybdenum 150mcg,Molybdenum 150mcg,185,95,detox enzyme support (chronic),Adults for detoxification,"Detoxification, enzyme function"
427,Manganese 5mg,Manganese 5mg,145,75,"bone health, antioxidant (chronic)",Adults for bone and metabolic health,"Bone health, metabolism, antioxidant support"
428,Copper 2mg,Copper 2mg,165,88,"iron metabolism, nerve (chronic)",Adults with copper deficiency,"Iron metabolism, nerve function, connective tissue"
429,Boron 3mg,Boron 3mg,185,95,"bone health, testosterone (chronic)",Adults for bone and hormone health,"Bone health, testosterone support"
430,Inositol 500,Inositol 500mg,325,185,"PCOS, mental health (chronic)","Women with PCOS, adults with anxiety","PCOS, anxiety, mood support"
431,Choline 250,Choline Bitartrate 250mg,225,125,"brain health, liver (chronic)",Adults for brain and liver health,"Brain function, liver health, memory"
432,L-Theanine 200,L-Theanine 200mg,385,225,"anxiety, focus (chronic)","Adults with anxiety, stress","Anxiety, stress reduction, focus, relaxation"
433,5-HTP 100,5-Hydroxytryptophan 100mg,425,245,"mood, sleep (chronic)","Adults with depression, sleep issues","Mood support, sleep quality, serotonin support"
434,SAMe 400,S-Adenosyl Methionine 400mg,825,625,"depression, liver, joints (chronic)","Adults with depression, liver disease, arthritis","Depression, liver health, joint pain"
435,St. John's Wort 300,Hypericum Extract 300mg,285,165,mild depression (chronic),Adults with mild depression,"Mild to moderate depression, mood support"
436,Valerian Root 500,Valerian 500mg,225,125,"insomnia, anxiety (chronic)","Adults with sleep problems, anxiety","Insomnia, anxiety, relaxation, sleep quality"
437,Passionflower Extract 250,Passionflower 250mg,285,165,"anxiety, insomnia (chronic)","Adults with anxiety, sleep problems","Anxiety, insomnia, relaxation"
438,Lemon Balm Extract 500,Lemon Balm 500mg,225,125,"anxiety, sleep, digestion (chronic)","Adults with anxiety, sleep problems","Anxiety, insomnia, digestive support"
439,Rhodiola Rosea 500,Rhodiola 500mg,425,245,"stress, fatigue, focus (chronic)","Adults with stress, fatigue","Stress, fatigue, focus, adaptogenic support"
440,Bacopa Monnieri 300,Bacopa 300mg,325,185,"memory, cognitive (chronic)",Adults for cognitive support,"Memory, cognitive function, anxiety reduction"
441,Lion's Mane 500,Lion's Mane Mushroom 500mg,485,285,"brain health, nerve (chronic)",Adults for brain and nerve health,"Brain health, nerve regeneration, cognitive support"
442,Cordyceps 500,Cordyceps Mushroom 500mg,625,425,"energy, athletic performance (chronic)",Athletes and adults for energy,"Energy, stamina, athletic performance, immunity"
443,Reishi 500,Reishi Mushroom 500mg,425,245,"immunity, stress (chronic)",Adults for immunity and stress,"Immunity, stress reduction, sleep quality"
444,Chaga 500,Chaga Mushroom 500mg,485,285,"antioxidant, immunity (chronic)",Adults for antioxidant support,"Antioxidant support, immunity, anti-aging"
445,Maca Root 500,Maca 500mg,325,185,"energy, libido, hormone (chronic)",Adults for energy and hormone balance,"Energy, libido, hormone balance, fertility"
446,Horny Goat Weed 500,Epimedium 500mg,385,225,"libido, erectile function (chronic)",Adult men for sexual health,"Libido, erectile function, energy"
447,Mucuna Pruriens 500,Mucuna 500mg,425,245,"dopamine, mood, Parkinson's (chronic)","Adults with low dopamine, Parkinson's","Dopamine support, mood, Parkinson's symptoms"
448,Phosphatidylserine 100,Phosphatidylserine 100mg,625,425,"memory, cognitive (chronic)",Adults for cognitive support,"Memory, cognitive function, stress reduction"
449,Acetyl L-Carnitine 500,Acetyl L-Carnitine 500mg,485,285,"brain health, energy (chronic)",Adults for brain and energy support,"Brain function, energy, neuroprotection"
450,N-Acetyl Cysteine 600,NAC 600mg,385,225,"antioxidant, liver, respiratory (chronic)",Adults for antioxidant and respiratory support,"Antioxidant support, liver detox, respiratory health"
451,Taurine 500,Taurine 500mg,285,165,"heart, brain, exercise (chronic)",Athletes and adults for heart health,"Heart health, brain function, exercise performance"
452,Glycine 1000,Glycine 1g,325,185,"sleep, collagen, brain (chronic)",Adults for sleep and collagen synthesis,"Sleep quality, collagen production, brain health"
453,L-Arginine 1000,L-Arginine 1g,425,245,"heart, circulation, exercise (chronic)",Adults and athletes for circulation,"Heart health, circulation, exercise performance"
454,L-Citrulline 1000,L-Citrulline 1g,485,285,"circulation, exercise (chronic)",Athletes for circulation and performance,"Circulation, exercise performance, muscle recovery"
455,Beta-Alanine 1500,Beta-Alanine 1.5g,525,325,exercise performance (chronic),Athletes for endurance,"Exercise endurance, muscle performance"
456,HMB 1000,Beta-Hydroxy Beta-Methylbutyrate 1g,825,625,"muscle recovery, strength (chronic)",Athletes for muscle recovery,"Muscle recovery, strength, lean muscle mass"
457,D-Aspartic Acid 1000,D-Aspartic Acid 1g,625,425,testosterone support (chronic),Adult men for testosterone,"Testosterone support, muscle building, libido"
458,Tribestan 250,Tribulus Extract 250mg,425,245,"testosterone, libido (chronic)",Adult men for testosterone and libido,"Testosterone support, libido, athletic performance"
459,Tongkat Ali 200,Eurycoma Longifolia 200mg,625,425,"testosterone, stress (chronic)",Adult men for testosterone and stress,"Testosterone support, stress reduction, libido"
460,Pine Bark Extract 100,Pycnogenol 100mg,825,625,"antioxidant, circulation (chronic)",Adults for antioxidant and circulation,"Antioxidant support, circulation, skin health"
461,Grape Seed Extract 200,Grape Seed 200mg,385,225,"antioxidant, heart (chronic)",Adults for antioxidant and heart health,"Antioxidant support, heart health, circulation"
462,Lutein 20,Lutein 20mg,485,285,eye health (chronic),Adults for eye health,"Eye health, macular degeneration prevention"
463,Zeaxanthin 4,Zeaxanthin 4mg,425,245,eye health (chronic),Adults for eye health,"Eye health, macular health"
464,Bilberry Extract 160,Bilberry 160mg,385,225,"eye health, circulation (chronic)",Adults for eye and circulation health,"Eye health, night vision, circulation"
465,Eyebright Extract 400,Euphrasia 400mg,285,165,"eye health, eye strain (chronic)",Adults with eye strain,"Eye strain, eye health, vision support"
466,Betaine HCl 650,Betaine Hydrochloride 650mg,325,185,"digestion, stomach acid (chronic)",Adults with low stomach acid,"Digestion, stomach acid support, protein absorption"
467,Digestive Enzymes,Amylase + Protease + Lipase,425,245,digestion (chronic),Adults with digestive issues,"Digestion, nutrient absorption, bloating reduction"
468,Papaya Enzyme 500,Papain 500mg,225,125,digestion (chronic),Adults with digestive issues,"Digestion, protein breakdown"
469,Bromelain 500,Bromelain 500mg,385,225,"digestion, inflammation (chronic)",Adults with digestion and inflammation,"Digestion, inflammation, sinusitis"
470,Aloe Vera Extract 200,Aloe Vera 200mg,285,165,"digestive health, skin (chronic)",Adults for digestive and skin health,"Digestive health, constipation, skin health"
471,Slippery Elm 400,Slippery Elm 400mg,325,185,"digestive health, throat (chronic)","Adults with digestive issues, sore throat","Digestive health, sore throat, GERD"
472,Marshmallow Root 500,Marshmallow 500mg,285,165,"digestive health, respiratory (chronic)",Adults with digestive or respiratory issues,"Digestive health, cough, sore throat"
473,DGL Licorice 400,Deglycyrrhizinated Licorice 400mg,325,185,"GERD, ulcers (chronic)","Adults with GERD, stomach ulcers","GERD, heartburn, stomach ulcer support"
474,Mastic Gum 500,Mastic Gum 500mg,625,425,"H. pylori, digestive (chronic)","Adults with H. pylori, digestive issues","H. pylori, digestive health, ulcer support"
475,Artichoke Extract 500,Artichoke 500mg,385,225,"liver, digestion, cholesterol (chronic)",Adults for liver and digestive health,"Liver health, digestion, cholesterol reduction"
476,Beet Root Extract 500,Beet Root 500mg,325,185,"circulation, blood pressure (chronic)",Adults for circulation and BP support,"Circulation, blood pressure support, nitric oxide"
477,Hawthorn Berry 500,Hawthorn 500mg,385,225,"heart health, circulation (chronic)",Adults with heart health needs,"Heart health, circulation, blood pressure support"
478,Cayenne Pepper 500,Capsaicin 500mg,225,125,"circulation, metabolism (chronic)",Adults for circulation and metabolism,"Circulation, metabolism, pain relief"
479,Ginger Extract 500,Ginger 500mg,285,165,"digestion, nausea, inflammation (chronic)","Adults with nausea, inflammation","Nausea, digestion, inflammation, motion sickness"
480,Peppermint Oil 50,Peppermint Oil 50mg,325,185,"IBS, digestion (chronic)","Adults with IBS, digestive issues","IBS, digestive health, bloating"
481,Fennel Seed Extract 500,Fennel 500mg,225,125,"digestion, bloating (chronic)","Adults with bloating, digestive issues","Digestion, bloating, gas relief"
482,Caraway Seed Extract 500,Caraway 500mg,285,165,"digestion, bloating (chronic)","Adults with bloating, digestive issues","Digestion, bloating, gas relief"
483,Black Seed Oil 500,Nigella Sativa 500mg,425,245,"immunity, inflammation (chronic)",Adults for immunity and inflammation,"Immunity, inflammation, respiratory health"
484,Evening Primrose Oil 1000,GLA 1000mg,485,285,"hormonal health, skin (chronic)","Women with PMS, skin issues","PMS, hormonal balance, skin health"
485,Borage Oil 1000,GLA 1000mg,525,325,"inflammation, skin (chronic)","Adults with inflammation, skin issues","Inflammation, rheumatoid arthritis, skin health"
486,Flaxseed Oil 1000,ALA 1000mg,325,185,"omega-3, heart, brain (chronic)",Adults for omega-3 support,"Heart health, brain health, inflammation"
487,Krill Oil 500,Omega-3 + Astaxanthin 500mg,825,625,"omega-3, antioxidant (chronic)",Adults for omega-3 and antioxidant,"Heart health, brain health, joint health"
488,Astaxanthin 12,Astaxanthin 12mg,625,425,"antioxidant, eye, skin (chronic)",Adults for antioxidant support,"Antioxidant support, eye health, skin health"
489,Beta-Carotene 25000 IU,Beta-Carotene 25000 IU,285,165,"antioxidant, vitamin A (chronic)",Adults for antioxidant and vision,"Antioxidant support, vision, immunity"
490,Vitamin A 10000 IU,Retinol 10000 IU,225,125,"vision, immunity, skin (chronic)",Adults with vitamin A deficiency,"Vision, immunity, skin health"
491,Vitamin E 400 IU,Tocopherol 400 IU,325,185,"antioxidant, skin, heart (chronic)",Adults for antioxidant support,"Antioxidant support, skin health, heart health"
492,Vitamin K2 MK-7 100mcg,Menaquinone 100mcg,425,245,"bone, cardiovascular (chronic)",Adults for bone and heart health,"Bone health, cardiovascular health, calcium regulation"
493,Folate 1000mcg,5-MTHF 1mg,385,225,"folate deficiency, pregnancy (chronic)","Pregnant women, adults with folate deficiency","Folate deficiency, pregnancy nutrition, methylation"
494,Vitamin B6 100,Pyridoxine 100mg,185,95,"vitamin B6 deficiency, PMS (chronic)","Adults with B6 deficiency, women with PMS","Vitamin B6 deficiency, PMS, mood support"
495,Vitamin B12 5000mcg,Methylcobalamin 5mg,325,185,"vitamin B12 deficiency, energy (chronic)","Adults with B12 deficiency, fatigue","Vitamin B12 deficiency, energy, nerve health"
496,Niacin 500,Niacin 500mg,225,125,"cholesterol, energy (chronic)",Adults with high cholesterol,"Cholesterol reduction, energy, circulation"
497,Pantothenic Acid 500,Vitamin B5 500mg,285,165,"adrenal support, energy (chronic)",Adults with adrenal fatigue,"Adrenal support, energy, stress management"
498,Riboflavin 100,Vitamin B2 100mg,185,95,"vitamin B2 deficiency, migraine (chronic)","Adults with B2 deficiency, migraines","Vitamin B2 deficiency, migraine prevention, energy"
499,Thiamine 100,Vitamin B1 100mg,145,75,"vitamin B1 deficiency, nerve (chronic)",Adults with B1 deficiency,"Vitamin B1 deficiency, nerve health, energy"
500,Biotin 5000mcg,Biotin 5mg,225,125,"hair, skin, nails (chronic)","Adults for hair, skin, nail health","Hair growth, skin health, nail strength"
